James,R,Hamilton,Vice President of Production,M,S,James Hamilton
Peter,J,Krebs,Production Control Manager,M,M,Peter Krebs
Jo,A,Brown,Production Supervisor - WC60,F,S,Jo Brown
Guy,R,Gilbert,Production Technician - WC60,M,M,Guy Gilbert
Jill,A,Williams,Marketing Specialist,F,M,Jill Williams
Mary,E,Gibson,Marketing Specialist,F,M,Mary Gibson
Sariya,E,Harnpadoungsataya,Marketing Specialist,M,S,Sariya Harnpadoungsataya
Terry,J,Eminhizer,Marketing Specialist,M,M,Terry Eminhizer
Wanida,M,Benshoof,Marketing Assistant,F,M,Wanida Benshoof
Mary,A,Dempsey,Marketing Assistant,F,S,Mary Dempsey
John,L,Wood,Marketing Specialist,M,S,John Wood
Kevin,F,Brown,Marketing Assistant,M,S,Kevin Brown
David,M,Bradley,Marketing Manager,M,S,David Bradley
Sharon,B,Salavaria,Design Engineer,F,M,Sharon Salavaria
Michael,I,Sullivan,Senior Design Engineer,M,S,Michael Sullivan
Janice,M,Galvin,Tool Designer,F,M,Janice Galvin
Thierry,B,D'Hers,Tool Designer,M,M,Thierry D'Hers
Ovidiu,V,Cracium,Senior Tool Designer,M,S,Ovidiu Cracium
Michael,,Raheem,Research and Development Manager,M,M,Michael Raheem
Gigi,N,Matthew,Research and Development Engineer,F,M,Gigi Matthew
Diane,L,Margheim,Research and Development Engineer,F,S,Diane Margheim
Dylan,A,Miller,Research and Development Manager,M,M,Dylan Miller
Jossef,H,Goldberg,Design Engineer,M,M,Jossef Goldberg
Gail,A,Erickson,Design Engineer,F,M,Gail Erickson
Rob,,Walters,Senior Tool Designer,M,S,Rob Walters
Roberto,,Tamburello,Engineering Manager,M,M,Roberto Tamburello
Terri,Lee,Duffy,Vice President of Engineering,F,S,Terri Duffy
Mark,K,McArthur,Production Technician - WC60,M,S,Mark McArthur
Britta,L,Simon,Production Technician - WC60,F,M,Britta Simon
Margie,W,Shoop,Production Technician - WC60,F,M,Margie Shoop
Rebecca,A,Laszlo,Production Technician - WC60,F,M,Rebecca Laszlo
Annik,O,Stahl,Production Technician - WC60,M,M,Annik Stahl
Suchitra,O,Mohan,Production Technician - WC60,F,M,Suchitra Mohan
Brandon,G,Heidepriem,Production Technician - WC60,M,M,Brandon Heidepriem
Jose,R,Lugo,Production Technician - WC60,M,M,Jose Lugo
Chris,O,Okelberry,Production Technician - WC60,M,S,Chris Okelberry
Kim,B,Abercrombie,Production Technician - WC60,F,M,Kim Abercrombie
Ed,R,Dudenhoefer,Production Technician - WC60,M,S,Ed Dudenhoefer
JoLynn,M,Dobney,Production Supervisor - WC60,F,S,JoLynn Dobney
Bryan,,Baker,Production Technician - WC60,M,S,Bryan Baker
James,D,Kramer,Production Technician - WC60,M,M,James Kramer
Bonnie,N,Kearney,Production Technician - WC10,F,M,Bonnie Kearney
Taylor,R,Maxwell,Production Supervisor - WC50,M,M,Taylor Maxwell
Denise,H,Smith,Production Technician - WC50,F,M,Denise Smith
Nancy,A,Anderson,Production Technician - WC60,F,M,Nancy Anderson
Simon,D,Rapier,Production Technician - WC60,M,S,Simon Rapier
Thomas,R,Michaels,Production Technician - WC60,M,M,Thomas Michaels
Eugene,O,Kogan,Production Technician - WC60,M,S,Eugene Kogan
Andrew,R,Hill,Production Supervisor - WC10,M,S,Andrew Hill
Ruth,Ann,Ellerbrock,Production Technician - WC10,F,M,Ruth Ellerbrock
Barry,K,Johnson,Production Technician - WC10,M,S,Barry Johnson
Sidney,M,Higa,Production Technician - WC10,M,M,Sidney Higa
Jeffrey,L,Ford,Production Technician - WC10,M,S,Jeffrey Ford
Doris,M,Hartwig,Production Technician - WC10,F,M,Doris Hartwig
Diane,R,Glimp,Production Technician - WC10,F,M,Diane Glimp
Charles,B,Fitzgerald,Production Technician - WC60,M,S,Charles Fitzgerald
Steve,F,Masters,Production Technician - WC60,M,S,Steve Masters
David,J,Ortiz,Production Technician - WC60,M,M,David Ortiz
Frank,T,Miller,Production Technician - WC50,M,S,Frank Miller
Kendall,C,Keil,Production Technician - WC50,M,M,Kendall Keil
Bob,N,Hohman,Production Technician - WC50,M,S,Bob Hohman
Pete,C,Male,Production Technician - WC50,M,S,Pete Male
Diane,H,Tibbott,Production Technician - WC50,F,S,Diane Tibbott
John,T,Campbell,Production Supervisor - WC60,M,M,John Campbell
Maciej,W,Dusza,Production Technician - WC60,M,S,Maciej Dusza
Michael,J,Zwilling,Production Technician - WC60,M,S,Michael Zwilling
Randy,T,Reeves,Production Technician - WC60,M,M,Randy Reeves
Karan,R,Khanna,Production Technician - WC60,M,S,Karan Khanna
Jay,G,Adams,Production Technician - WC60,M,S,Jay Adams
Jack,T,Creasey,Production Technician - WC40,M,S,Jack Creasey
Patrick,M,Cook,Production Technician - WC40,M,M,Patrick Cook
Frank,R,Martinez,Production Technician - WC40,M,M,Frank Martinez
Michael,Sean,Ray,Production Supervisor - WC30,M,S,Michael Ray
Steven,T,Selikoff,Production Technician - WC30,M,M,Steven Selikoff
Carole,M,Poland,Production Technician - WC30,F,M,Carole Poland
Bjorn,M,Rettig,Production Technician - WC30,M,S,Bjorn Rettig
Michiko,F,Osada,Production Technician - WC30,M,S,Michiko Osada
Carol,M,Philips,Production Technician - WC30,F,M,Carol Philips
Merav,A,Netz,Production Technician - WC30,F,M,Merav Netz
Reuben,H,D'sa,Production Supervisor - WC40,M,M,Reuben D'sa
Eric,L,Brown,Production Technician - WC40,M,M,Eric Brown
Sandeep,P,Kaliyath,Production Technician - WC40,M,S,Sandeep Kaliyath
Mihail,U,Frintu,Production Technician - WC40,M,S,Mihail Frintu
Elizabeth,I,Keyser,Production Technician - WC50,F,M,Elizabeth Keyser
Mandar,H,Samant,Production Technician - WC50,M,S,Mandar Samant
Sameer,A,Tejani,Production Technician - WC50,M,M,Sameer Tejani
Brian,Richard,Goldstein,Production Technician - WC40,M,S,Brian Goldstein
Ryan,L,Cornelsen,Production Technician - WC40,M,M,Ryan Cornelsen
Cristian,K,Petculescu,Production Supervisor - WC10,M,M,Cristian Petculescu
Betsy,A,Stadick,Production Technician - WC10,F,S,Betsy Stadick
Patrick,C,Wedge,Production Technician - WC10,M,S,Patrick Wedge
Danielle,C,Tiedt,Production Technician - WC10,F,S,Danielle Tiedt
Kimberly,B,Zimmerman,Production Technician - WC10,F,S,Kimberly Zimmerman
Tom,M,Vande Velde,Production Technician - WC10,M,M,Tom Vande Velde
Kok-Ho,T,Loh,Production Supervisor - WC50,M,S,Kok-Ho Loh
Russell,,Hunter,Production Technician - WC50,M,M,Russell Hunter
Jim,H,Scardelis,Production Technician - WC50,M,M,Jim Scardelis
Jun,T,Cao,Production Technician - WC50,M,S,Jun Cao
Suroor,R,Fatima,Production Technician - WC50,M,S,Suroor Fatima
John,P,Evans,Production Technician - WC50,M,S,John Evans
Nuan,,Yu,Production Technician - WC50,M,S,Nuan Yu
Lolan,B,Song,Production Technician - WC50,M,M,Lolan Song
Houman,N,Pournasseh,Production Technician - WC50,M,M,Houman Pournasseh
Zheng,W,Mu,Production Supervisor - WC10,M,S,Zheng Mu
Ebru,N,Ersan,Production Technician - WC10,M,S,Ebru Ersan
Mary,R,Baker,Production Technician - WC10,F,M,Mary Baker
Kevin,M,Homer,Production Technician - WC10,M,S,Kevin Homer
John,T,Kane,Production Technician - WC10,M,S,John Kane
Christopher,E,Hill,Production Technician - WC10,M,M,Christopher Hill
Jinghao,K,Liu,Production Supervisor - WC50,M,S,Jinghao Liu
Alice,O,Ciccu,Production Technician - WC50,F,M,Alice Ciccu
Kim,T,Ralls,Stocker,F,S,Kim Ralls
Matthias,T,Berndt,Shipping and Receiving Clerk,M,M,Matthias Berndt
Jimmy,T,Bischoff,Stocker,M,M,Jimmy Bischoff
Linda,K,Moschell,Production Technician - WC50,F,M,Linda Moschell
Mindaugas,J,Krapauskas,Production Technician - WC50,M,M,Mindaugas Krapauskas
Angela,W,Barbariol,Production Technician - WC50,F,S,Angela Barbariol
Michael,W,Patten,Production Technician - WC50,M,S,Michael Patten
Chad,W,Niswonger,Production Technician - WC50,M,M,Chad Niswonger
Don,L,Hall,Production Technician - WC50,M,M,Don Hall
Michael,T,Entin,Production Technician - WC50,M,S,Michael Entin
Kitti,H,Lertpiriyasuwat,Production Technician - WC50,F,S,Kitti Lertpiriyasuwat
Pilar,G,Ackerman,Shipping and Receiving Supervisor,M,S,Pilar Ackerman
Susan,W,Eaton,Stocker,F,S,Susan Eaton
Vamsi,N,Kuppa,Shipping and Receiving Clerk,M,M,Vamsi Kuppa
Samantha,H,Smith,Production Technician - WC20,F,M,Samantha Smith
Hung-Fu,T,Ting,Production Technician - WC20,M,S,Hung-Fu Ting
Prasanna,E,Samarawickrama,Production Technician - WC20,M,M,Prasanna Samarawickrama
Raymond,K,Sam,Production Technician - WC20,M,M,Raymond Sam
David,P,Hamilton,Production Supervisor - WC40,M,S,David Hamilton
Paul,B,Komosinski,Production Technician - WC40,M,S,Paul Komosinski
Gary,W,Yukish,Production Technician - WC40,M,S,Gary Yukish
Rob,T,Caron,Production Technician - WC40,M,S,Rob Caron
Baris,F,Cetinok,Production Technician - WC40,M,S,Baris Cetinok
Nicole,B,Holliday,Production Technician - WC40,F,M,Nicole Holliday
Michael,L,Rothkugel,Production Technician - WC40,M,S,Michael Rothkugel
Eric,,Gubbels,Production Supervisor - WC20,M,M,Eric Gubbels
Ivo,William,Salmre,Production Technician - WC20,M,M,Ivo Salmre
Sylvester,A,Valdez,Production Technician - WC20,M,M,Sylvester Valdez
Anibal,T,Sousa,Production Technician - WC20,F,S,Anibal Sousa
Yuhong,L,Li,Production Supervisor - WC20,M,M,Yuhong Li
Hanying,P,Feng,Production Technician - WC20,M,S,Hanying Feng
Min,G,Su,Production Technician - WC20,M,M,Min Su
Olinda,C,Turner,Production Technician - WC20,F,S,Olinda Turner
Krishna,,Sunkammurali,Production Technician - WC20,M,S,Krishna Sunkammurali
Paul,R,Singh,Production Technician - WC20,M,M,Paul Singh
Cynthia,S,Randall,Production Supervisor - WC30,F,S,Cynthia Randall
Jian Shuo,,Wang,Production Technician - WC30,M,S,Jian Shuo Wang
Sandra,,Reátegui Alayo,Production Technician - WC30,F,M,Sandra Reátegui Alayo
Jason,M,Watters,Production Technician - WC30,M,S,Jason Watters
Andy,M,Ruth,Production Technician - WC30,M,M,Andy Ruth
Michael,T,Vanderhyde,Production Technician - WC30,M,M,Michael Vanderhyde
Rostislav,E,Shabalin,Production Technician - WC30,M,M,Rostislav Shabalin
David,N,Johnson,Production Technician - WC30,M,S,David Johnson
Garrett,R,Young,Production Technician - WC30,M,S,Garrett Young
Fadi,K,Fakhouri,Production Technician - WC20,M,S,Fadi Fakhouri
Lane,M,Sacksteder,Production Technician - WC20,M,M,Lane Sacksteder
Linda,A,Randall,Production Technician - WC20,F,S,Linda Randall
Shelley,N,Dyck,Production Technician - WC20,F,S,Shelley Dyck
Terrence,W,Earls,Production Technician - WC20,M,S,Terrence Earls
Jeff,V,Hay,Production Supervisor - WC45,M,M,Jeff Hay
Kirk,J,Koenigsbauer,Production Technician - WC45,M,S,Kirk Koenigsbauer
Laura,C,Steele,Production Technician - WC45,F,S,Laura Steele
Alex,M,Nayberg,Production Technician - WC45,M,M,Alex Nayberg
Andrew,M,Cencini,Production Technician - WC45,M,S,Andrew Cencini
Chris,T,Preston,Production Technician - WC45,M,M,Chris Preston
Jack,S,Richins,Production Supervisor - WC30,M,S,Jack Richins
Katie,L,McAskill-White,Production Supervisor - WC20,F,S,Katie McAskill-White
Michael,T,Hines,Production Technician - WC20,M,S,Michael Hines
Nitin,S,Mirchandani,Production Technician - WC20,M,S,Nitin Mirchandani
Susan,A,Metters,Production Technician - WC30,F,S,Susan Metters
George,Z,Li,Production Technician - WC30,M,M,George Li
David,A,Yalovsky,Production Technician - WC30,M,S,David Yalovsky
Marc,J,Ingle,Production Technician - WC30,M,M,Marc Ingle
Eugene,R,Zabokritski,Production Technician - WC30,M,S,Eugene Zabokritski
Benjamin,R,Martin,Production Technician - WC30,M,S,Benjamin Martin
Reed,T,Koch,Production Technician - WC30,M,M,Reed Koch
David,Oliver,Lawrence,Production Technician - WC30,M,M,David Lawrence
Russell,M,King,Production Technician - WC30,M,M,Russell King
John,N,Frum,Production Technician - WC30,M,S,John Frum
Jan,S,Miksovsky,Production Technician - WC30,M,S,Jan Miksovsky
Fred,T,Northup,Production Technician - WC40,M,S,Fred Northup
Kevin,H,Liu,Production Technician - WC40,M,S,Kevin Liu
Shammi,G,Mohamed,Production Technician - WC40,M,M,Shammi Mohamed
Barbara,S,Decker,Production Technician - WC20,F,M,Barbara Decker
John,Y,Chen,Production Technician - WC20,M,M,John Chen
Stefen,A,Hesse,Production Technician - WC20,M,S,Stefen Hesse
Shane,S,Kim,Production Supervisor - WC45,M,S,Shane Kim
Yvonne,S,McKay,Production Technician - WC45,F,M,Yvonne McKay
Douglas,B,Hite,Production Technician - WC45,M,M,Douglas Hite
Janeth,M,Esteves,Production Technician - WC45,F,S,Janeth Esteves
Robert,J,Rounthwaite,Production Technician - WC45,M,S,Robert Rounthwaite
Lionel,C,Penuchot,Production Technician - WC45,M,S,Lionel Penuchot
Brenda,M,Diaz,Production Supervisor - WC40,F,M,Brenda Diaz
Alejandro,E,McGuel,Production Technician - WC40,M,S,Alejandro McGuel
Scott,R,Gode,Production Technician - WC45,M,M,Scott Gode
Kathie,E,Flood,Production Technician - WC45,F,M,Kathie Flood
Belinda,M,Newman,Production Technician - WC45,F,S,Belinda Newman
Rajesh,M,Patel,Production Technician - WC40,M,M,Rajesh Patel
Lorraine,O,Nay,Production Technician - WC40,F,M,Lorraine Nay
Paula,R,Nartker,Production Technician - WC40,F,M,Paula Nartker
Frank,T,Lee,Production Technician - WC40,M,M,Frank Lee
Brian,T,Lloyd,Production Technician - WC40,M,S,Brian Lloyd
Tawana,G,Nusbaum,Production Technician - WC40,M,S,Tawana Nusbaum
Ken,L,Myer,Production Technician - WC40,M,M,Ken Myer
Gabe,B,Mares,Production Technician - WC40,M,M,Gabe Mares
Lori,A,Kane,Production Supervisor - WC45,F,S,Lori Kane
Stuart,V,Munson,Production Technician - WC45,M,S,Stuart Munson
Greg,F,Alderson,Production Technician - WC45,M,S,Greg Alderson
A. Scott,,Wright,Master Scheduler,M,S,A. Scott Wright
Sairaj,L,Uddin,Scheduling Assistant,M,M,Sairaj Uddin
Hao,O,Chen,Human Resources Administrative Assistant,M,S,Hao Chen
Vidur,X,Luthra,Recruiter,M,S,Vidur Luthra
William,S,Vong,Scheduling Assistant,M,M,William Vong
Hazem,E,Abolrous,Quality Assurance Manager,M,S,Hazem Abolrous
Peng,J,Wu,Quality Assurance Supervisor,M,M,Peng Wu
Sootha,T,Charncherngkha,Quality Assurance Technician,M,M,Sootha Charncherngkha
Andreas,T,Berglund,Quality Assurance Technician,M,M,Andreas Berglund
Mark,L,Harrington,Quality Assurance Technician,M,S,Mark Harrington
Sean,P,Alexander,Quality Assurance Technician,M,S,Sean Alexander
Zainal,T,Arifin,Document Control Manager,M,M,Zainal Arifin
Tengiz,N,Kharatishvili,Control Specialist,M,S,Tengiz Kharatishvili
Sean,N,Chai,Document Control Assistant,M,S,Sean Chai
Karen,R,Berge,Document Control Assistant,F,M,Karen Berge
Chris,K,Norred,Control Specialist,M,M,Chris Norred
Grant,N,Culbertson,Human Resources Administrative Assistant,M,S,Grant Culbertson
Alan,J,Brewer,Scheduling Assistant,M,M,Alan Brewer
Brian,P,LaMee,Scheduling Assistant,M,M,Brian LaMee
Gary,E.,Altman,Facilities Manager,M,M,Gary Altman
Christian,E,Kleinerman,Maintenance Supervisor,M,M,Christian Kleinerman
Lori,K,Penor,Janitor,F,M,Lori Penor
Stuart,J,Macrae,Janitor,M,M,Stuart Macrae
Jo,L,Berry,Janitor,F,M,Jo Berry
Pat,H,Coleman,Janitor,M,S,Pat Coleman
Magnus,E,Hedlund,Facilities Administrative Assistant,M,M,Magnus Hedlund
Laura,F,Norman,Chief Financial Officer,F,M,Laura Norman
Paula,M,Barreto de Mattos,Human Resources Manager,F,M,Paula Barreto de Mattos
Arvind,B,Rao,Buyer,M,M,Arvind Rao
Mindy,C,Martin,Benefits Specialist,F,M,Mindy Martin
Willis,T,Johnson,Recruiter,M,S,Willis Johnson
David,J,Liu,Accounts Manager,M,M,David Liu
Deborah,E,Poe,Accounts Receivable Specialist,F,M,Deborah Poe
Candy,L,Spoon,Accounts Receivable Specialist,F,S,Candy Spoon
Bryan,A,Walton,Accounts Receivable Specialist,M,S,Bryan Walton
Barbara,C,Moreland,Accountant,F,M,Barbara Moreland
Dragan,K,Tomic,Accounts Payable Specialist,M,M,Dragan Tomic
Janet,L,Sheperdigian,Accounts Payable Specialist,F,M,Janet Sheperdigian
Mike,K,Seamans,Accountant,M,S,Mike Seamans
Wendy,Beth,Kahn,Finance Manager,F,S,Wendy Kahn
Sheela,H,Word,Purchasing Manager,F,S,Sheela Word
Mikael,Q,Sandberg,Buyer,M,S,Mikael Sandberg
Stephanie,A,Conroy,Network Manager,F,S,Stephanie Conroy
Ashvini,R,Sharma,Network Administrator,M,S,Ashvini Sharma
Peter,I,Connelly,Network Administrator,M,S,Peter Connelly
Linda,P,Meisner,Buyer,F,M,Linda Meisner
Fukiko,J,Ogisu,Buyer,M,M,Fukiko Ogisu
Gordon,L,Hee,Buyer,M,M,Gordon Hee
Frank,S,Pellow,Buyer,M,M,Frank Pellow
Eric,S,Kurjan,Buyer,M,S,Eric Kurjan
Erin,M,Hagens,Buyer,F,S,Erin Hagens
Ben,T,Miller,Buyer,M,M,Ben Miller
Annette,L,Hill,Purchasing Assistant,F,M,Annette Hill
Reinout,N,Hillmann,Purchasing Assistant,M,M,Reinout Hillmann
David,M,Barber,Assistant to the Chief Financial Officer,M,S,David Barber
Jean,E,Trenary,Information Services Manager,F,S,Jean Trenary
Garrett,R,Vargas,Sales Representative,M,M,Garrett Vargas
Tsvi,Michael,Reiter,Sales Representative,M,M,Tsvi Reiter
Pamela,O,Ansman-Wolfe,Sales Representative,F,S,Pamela Ansman-Wolfe
Karen,A,Berg,Application Specialist,F,S,Karen Berg
Ramesh,V,Meyyappan,Application Specialist,M,S,Ramesh Meyyappan
Dan,K,Bacon,Application Specialist,M,M,Dan Bacon
François,P,Ajenstat,Database Administrator,M,S,François Ajenstat
Dan,B,Wilson,Database Administrator,M,M,Dan Wilson
Janaina,Barreiro Gambaro,Bueno,Application Specialist,F,M,Janaina Bueno
Brian,S,Welcker,Vice President of Sales,M,S,Brian Welcker
Stephen,Y,Jiang,North American Sales Manager,M,M,Stephen Jiang
Michael,G,Blythe,Sales Representative,M,S,Michael Blythe
Linda,C,Mitchell,Sales Representative,F,M,Linda Mitchell
Jillian,,Carson,Sales Representative,F,S,Jillian Carson
Shu,K,Ito,Sales Representative,M,M,Shu Ito
José,Edvaldo,Saraiva,Sales Representative,M,M,José Saraiva
David,R,Campbell,Sales Representative,M,S,David Campbell
Tete,A,Mensa-Annan,Sales Representative,M,M,Tete Mensa-Annan
Syed,E,Abbas,Pacific Sales Manager,M,M,Syed Abbas
Lynn,N,Tsoflias,Sales Representative,F,S,Lynn Tsoflias
Amy,E,Alberts,European Sales Manager,F,M,Amy Alberts
Rachel,B,Valdez,Sales Representative,F,S,Rachel Valdez
Jae,B,Pak,Sales Representative,F,M,Jae Pak
Ranjit,R,Varkey Chudukatil,Sales Representative,M,S,Ranjit Varkey Chudukatil
